{"cutoff": [0.20000000000000001, 0.20000000000000001, 0.20000000000000001, 0.20000000000000001, 0.20000000000000001, 0.20000000000000001, 0.20000000000000001, 0.20000000000000001, 0.20000000000000001, 0.20000000000000001, 0.20000000000000001, 0.20000000000000001, 0.20000000000000001, 0.20000000000000001, 0.20000000000000001, 0.20000000000000001, 0.20000000000000001, 0.20000000000000001, 0.20000000000000001, 0.20000000000000001, 0.29999999999999999, 0.29999999999999999, 0.29999999999999999, 0.29999999999999999, 0.29999999999999999, 0.29999999999999999, 0.29999999999999999, 0.29999999999999999, 0.29999999999999999, 0.29999999999999999, 0.29999999999999999, 0.29999999999999999, 0.29999999999999999, 0.29999999999999999, 0.29999999999999999, 0.29999999999999999, 0.29999999999999999, 0.29999999999999999, 0.29999999999999999, 0.29999999999999999, 0.40000000000000002, 0.40000000000000002, 0.40000000000000002, 0.40000000000000002, 0.40000000000000002, 0.40000000000000002, 0.40000000000000002, 0.40000000000000002, 0.40000000000000002, 0.40000000000000002, 0.40000000000000002, 0.40000000000000002, 0.40000000000000002, 0.40000000000000002, 0.40000000000000002, 0.40000000000000002, 0.40000000000000002, 0.40000000000000002, 0.40000000000000002, 0.40000000000000002, 0], "E": [-213.45678319999999, -213.4631349, -213.4675087, -213.4533582, -213.45949759999999, -213.4503737, -213.46056329999999, -213.4528162, -213.46605360000001, -213.46137870000001, -213.4574389, -213.46191759999999, -213.46007069999999, -213.45969779999999, -213.4534894, -213.45974419999999, -213.4627869, -213.45290779999999, -213.45737059999999, -213.4590766, -213.44825539999999, -213.4455016, -213.43938610000001, -213.43652349999999, -213.42686430000001, -213.43194299999999, -213.44857970000001, -213.44529689999999, -213.43815040000001, -213.42782700000001, -213.42685639999999, -213.45498079999999, -213.43617259999999, -213.43432960000001, -213.43582910000001, -213.4294792, -213.44084319999999, -213.43314899999999, -213.43655269999999, -213.43660410000001, -213.4198744, -213.41996349999999, -213.4212186, -213.41275279999999, -213.4226725, -213.43072169999999, -213.43181770000001, -213.42208529999999, -213.40788019999999, -213.42767900000001, -213.4210186, -213.41259310000001, -213.42123599999999, -213.4089123, -213.41917989999999, -213.43464789999999, -213.4275543, -213.4168162, -213.4208667, -213.41353789999999, -213.48517150000001], "err": [0.00054785022099999999, 0.00055694034429999999, 0.00053453867090000004, 0.00054013869410000004, 0.00051229071080000001, 0.00053414866510000005, 0.00050782079860000001, 0.00052110245380000003, 0.00055551550180000001, 0.00054552355480000001, 0.00055124029670000001, 0.00053033056369999995, 0.00055420317829999995, 0.00049707657239999995, 0.00050262734390000001, 0.00053118525689999996, 0.00055777081130000002, 0.00055797088940000002, 0.00054125945490000004, 0.00050359287429999999, 0.00052361938469999995, 0.00053181245169999999, 0.00056956449110000002, 0.00052674388150000004, 0.00053820463870000003, 0.0005434323871, 0.00053570827560000004, 0.00051520139740000002, 0.00053361357979999995, 0.00055188084279999996, 0.00052781879309999995, 0.000546626768, 0.00056130604629999999, 0.00050517049939999997, 0.00053274361020000003, 0.00056131468650000001, 0.00052378808009999995, 0.000562199376, 0.00051077656629999995, 0.00055626525449999997, 0.00053839975670000003, 0.00055314150960000005, 0.00056150895669999999, 0.00058395604970000003, 0.00054344606069999999, 0.00059115093839999999, 0.00053890493579999998, 0.00053749523259999995, 0.00055744035789999998, 0.00054535670390000002, 0.0005527047168, 0.00057312578760000004, 0.00053066262970000004, 0.00055959033560000005, 0.00054434520789999996, 0.00056413510310000001, 0.00055037785020000003, 0.00056034082660000003, 0.00050623397869999998, 0.00054842114020000005, 0.00051933551269999997]}