{"cutoff": [0.20000000000000001, 0.20000000000000001, 0.20000000000000001, 0.20000000000000001, 0.20000000000000001, 0.20000000000000001, 0.20000000000000001, 0.20000000000000001, 0.20000000000000001, 0.20000000000000001, 0.20000000000000001, 0.20000000000000001, 0.20000000000000001, 0.20000000000000001, 0.20000000000000001, 0.20000000000000001, 0.20000000000000001, 0.20000000000000001, 0.20000000000000001, 0.20000000000000001, 0.29999999999999999, 0.29999999999999999, 0.29999999999999999, 0.29999999999999999, 0.29999999999999999, 0.29999999999999999, 0.29999999999999999, 0.29999999999999999, 0.29999999999999999, 0.29999999999999999, 0.29999999999999999, 0.29999999999999999, 0.29999999999999999, 0.29999999999999999, 0.29999999999999999, 0.29999999999999999, 0.29999999999999999, 0.29999999999999999, 0.29999999999999999, 0.29999999999999999, 0.40000000000000002, 0.40000000000000002, 0.40000000000000002, 0.40000000000000002, 0.40000000000000002, 0.40000000000000002, 0.40000000000000002, 0.40000000000000002, 0.40000000000000002, 0.40000000000000002, 0.40000000000000002, 0.40000000000000002, 0.40000000000000002, 0.40000000000000002, 0.40000000000000002, 0.40000000000000002, 0.40000000000000002, 0.40000000000000002, 0.40000000000000002, 0.40000000000000002, 0], "E": [-213.46155239999999, -213.4658422, -213.45955710000001, -213.46556369999999, -213.46505199999999, -213.4572995, -213.47018120000001, -213.46151090000001, -213.4610045, -213.45985780000001, -213.4700876, -213.46318389999999, -213.46195900000001, -213.46185120000001, -213.46662269999999, -213.45078050000001, -213.45970500000001, -213.4845852, -213.4700278, -213.46289580000001, -213.44340990000001, -213.43107939999999, -213.44562909999999, -213.4464868, -213.45267150000001, -213.43468139999999, -213.43388350000001, -213.43855740000001, -213.4409283, -213.44921120000001, -213.43018190000001, -213.45046060000001, -213.4489954, -213.45093750000001, -213.44893429999999, -213.45156510000001, -213.4391943, -213.44109779999999, -213.44483099999999, -213.44652439999999, -213.42647410000001, -213.42547279999999, -213.41743210000001, -213.41971530000001, -213.417969, -213.4327514, -213.42421229999999, -213.42847810000001, -213.42895669999999, -213.43570550000001, -213.409695, -213.420391, -213.43387039999999, -213.43281719999999, -213.4480326, -213.42199740000001, -213.4149342, -213.43659439999999, -213.4305578, -213.43246360000001, -213.48517150000001], "err": [0.001184656716, 0.0011566522799999999, 0.001140849419, 0.0012258218440000001, 0.001113011192, 0.0010624229880000001, 0.0011239755989999999, 0.001048390034, 0.0012645980910000001, 0.001047122321, 0.0011541071170000001, 0.0011438961240000001, 0.001269437117, 0.0013391460259999999, 0.00098915368159999996, 0.0011847090649999999, 0.0010867823769999999, 0.001268859104, 0.0011148659579999999, 0.0010919024880000001, 0.00105443231, 0.001441452546, 0.0011496161349999999, 0.001074844644, 0.0012663984509999999, 0.001186618543, 0.0011147724640000001, 0.001136775765, 0.001169228122, 0.001255459911, 0.0010435441179999999, 0.0010916263260000001, 0.0012805709399999999, 0.001320524976, 0.0012448837339999999, 0.0010703751770000001, 0.0010448538519999999, 0.001325669486, 0.001124888518, 0.001106256959, 0.0011032852539999999, 0.0010620927079999999, 0.0012412923379999999, 0.0011938293959999999, 0.0011504864830000001, 0.0011986591280000001, 0.001193810881, 0.00122478646, 0.0011745509340000001, 0.0011163901019999999, 0.0011926884490000001, 0.0011729291670000001, 0.0011088292329999999, 0.001354029879, 0.00112711211, 0.0013151071449999999, 0.0011887565589999999, 0.0012729485960000001, 0.001179835311, 0.001433167795, 0.00051933551269999997]}