{"cutoff": [0.20000000000000001, 0.20000000000000001, 0.20000000000000001, 0.20000000000000001, 0.20000000000000001, 0.20000000000000001, 0.20000000000000001, 0.20000000000000001, 0.20000000000000001, 0.20000000000000001, 0.20000000000000001, 0.20000000000000001, 0.20000000000000001, 0.20000000000000001, 0.20000000000000001, 0.20000000000000001, 0.20000000000000001, 0.20000000000000001, 0.20000000000000001, 0.20000000000000001, 0.29999999999999999, 0.29999999999999999, 0.29999999999999999, 0.29999999999999999, 0.29999999999999999, 0.29999999999999999, 0.29999999999999999, 0.29999999999999999, 0.29999999999999999, 0.29999999999999999, 0.29999999999999999, 0.29999999999999999, 0.29999999999999999, 0.29999999999999999, 0.29999999999999999, 0.29999999999999999, 0.29999999999999999, 0.29999999999999999, 0.29999999999999999, 0.29999999999999999, 0.40000000000000002, 0.40000000000000002, 0.40000000000000002, 0.40000000000000002, 0.40000000000000002, 0.40000000000000002, 0.40000000000000002, 0.40000000000000002, 0.40000000000000002, 0.40000000000000002, 0.40000000000000002, 0.40000000000000002, 0.40000000000000002, 0.40000000000000002, 0.40000000000000002, 0.40000000000000002, 0.40000000000000002, 0.40000000000000002, 0.40000000000000002, 0.40000000000000002, 0], "E": [-213.46111930000001, -213.466284, -213.45713219999999, -213.46768700000001, -213.46416740000001, -213.45855639999999, -213.46754369999999, -213.46212320000001, -213.45758749999999, -213.4616656, -213.46599269999999, -213.46406390000001, -213.4601534, -213.4613343, -213.46670520000001, -213.45104549999999, -213.46180200000001, -213.48310509999999, -213.4725401, -213.46095339999999, -213.4476391, -213.43071839999999, -213.4459889, -213.44644020000001, -213.451346, -213.43322309999999, -213.43080230000001, -213.43896319999999, -213.4412633, -213.45140549999999, -213.4278845, -213.45187770000001, -213.44981970000001, -213.4531164, -213.44747709999999, -213.45222279999999, -213.4407807, -213.44251460000001, -213.44382250000001, -213.44780259999999, -213.42805519999999, -213.42239050000001, -213.41642909999999, -213.41890459999999, -213.4152741, -213.43663079999999, -213.42129919999999, -213.42794649999999, -213.4293337, -213.43830410000001, -213.40927859999999, -213.41870399999999, -213.43356270000001, -213.43121669999999, -213.4497571, -213.4233667, -213.4166759, -213.4372668, -213.42797200000001, -213.43386599999999, -213.48517150000001], "err": [0.001253527956, 0.001130069239, 0.00111697166, 0.001264801933, 0.001248221082, 0.0011754666920000001, 0.0010535315889999999, 0.0010694047240000001, 0.001026313929, 0.0013259039630000001, 0.0012392551479999999, 0.00093760800069999999, 0.0010891034299999999, 0.001132232141, 0.0010766425729999999, 0.0010962756540000001, 0.001127425182, 0.001183045212, 0.0011439803279999999, 0.0012510028450000001, 0.0012103546829999999, 0.001091410581, 0.001177435234, 0.001100771476, 0.0011215810119999999, 0.0012156780780000001, 0.0012120751330000001, 0.0011742378660000001, 0.001229812272, 0.001243974843, 0.0011323456080000001, 0.0012906214669999999, 0.001156081547, 0.0011833590220000001, 0.001304900529, 0.0012004023259999999, 0.0011837123500000001, 0.0010153573779999999, 0.0013570224230000001, 0.001249344563, 0.001148284995, 0.001190825791, 0.0012485532119999999, 0.0012181033280000001, 0.0012049298829999999, 0.0010895833830000001, 0.0012815491700000001, 0.001066681507, 0.0012084079210000001, 0.0012216667709999999, 0.0012152068669999999, 0.001216224732, 0.001229583916, 0.0010391919690000001, 0.0010814645299999999, 0.0011089692480000001, 0.0011965754850000001, 0.0012090013450000001, 0.0010161205060000001, 0.0013904163550000001, 0.00051933551269999997]}