{"E": [-213.44825539999999, -213.4455016, -213.43938610000001, -213.43652349999999, -213.42686430000001, -213.43194299999999, -213.44857970000001, -213.44529689999999, -213.43815040000001, -213.42782700000001, -213.42685639999999, -213.45498079999999, -213.43617259999999, -213.43432960000001, -213.43582910000001, -213.4294792, -213.44084319999999, -213.43314899999999, -213.43655269999999, -213.43660410000001, -213.48517150000001], "err": [0.00052361938469999995, 0.00053181245169999999, 0.00056956449110000002, 0.00052674388150000004, 0.00053820463870000003, 0.0005434323871, 0.00053570827560000004, 0.00051520139740000002, 0.00053361357979999995, 0.00055188084279999996, 0.00052781879309999995, 0.000546626768, 0.00056130604629999999, 0.00050517049939999997, 0.00053274361020000003, 0.00056131468650000001, 0.00052378808009999995, 0.000562199376, 0.00051077656629999995, 0.00055626525449999997, 0.00051933551269999997]}