{"nblock": [32, 32, 32, 32, 32, 32, 32, 32, 32, 32, 32, 32, 32, 32, 32, 32, 32, 32, 32, 32], "E": [-213.318894403125, -213.32950493749996, -213.327781603125, -213.33390583125001, -213.32747710624997, -213.32072966562495, -213.31743183750001, -213.32754034062501, -213.33641057187504, -213.33991568750002, -213.32515309687497, -213.34302969687502, -213.33175487500006, -213.33935422499999, -213.32852387187501, -213.31370158749999, -213.32820595937503, -213.32572019374999, -213.30967637812498, -213.33438110937499], "err": [0.13200468588659522, 0.13222197513915712, 0.13385409327641304, 0.13246862692588304, 0.63154229375071047, 0.13190401680011568, 0.13613752290628489, 0.13352040741682411, 0.13389701470065785, 0.13443091612101726, 0.13290090017556841, 0.13147544412258344, 0.13180831550505151, 0.13607261219620734, 0.1341957142081609, 0.13400033813549461, 0.13285464734570876, 0.13404145423945599, 0.13273437999584506, 0.13258168775613158]}