{"nblock": 32, "E": [-213.318894403125, -213.32950493749996, -213.327781603125, -213.33390583125001, -213.32747710624997, -213.32072966562495, -213.31743183750001, -213.32754034062501, -213.33641057187504, -213.33991568750002, -213.32515309687497, -213.34302969687502, -213.33175487500006, -213.33935422499999, -213.32852387187501, -213.31370158749999, -213.32820595937503, -213.32572019374999, -213.30967637812498, -213.33438110937499], "err": [0.3633244911736549, 0.36362339740335348, 0.36586075667719958, 0.36396239768124816, 0.79469635317567078, 0.3631859259389269, 0.36896818684852073, 0.36540444361942853, 0.36591941011738888, 0.3666482184888088, 0.36455575729313122, 0.36259542760848962, 0.36305414954941845, 0.36888021388549336, 0.36632733205176066, 0.3660605662120609, 0.36449231452214292, 0.36611672215217922, 0.36432729790100143, 0.36411768393766814]}