{"errs": [[0.0607037027774973], [0.05681307279725492], [0.06472794674224573], [0.05482345185512861], [0.06295700894017303], [0.058656917748599116], [0.06530040080847203], [0.0521156126904488], [0.05779397855843599], [0.056003064479899285], [0.05714742484637738], [0.054175816808051], [0.056258134201680174], [0.05719816201539223], [0.05816034806336589], [0.0640400271913791], [0.049260314163187637], [0.05883352902114917], [0.05945022679142901], [0.06061903256596636], [0.06066723634562322], [0.05075021280685582], [0.057740638448155045], [0.054940669103575805], [0.05262539945172433], [0.055613645067732094], [0.060598876992314685], [0.06413874475788603], [0.060876897828419964], [0.05906783734968233], [0.052880288386041446], [0.05852243160082791], [0.054688218185533], [0.05484954781826473], [0.05990392848592637], [0.057763380595769624], [0.050641530092050156], [0.05230648055065465], [0.0614922736253813], [0.05020933106198267], [0.05102405646996062], [0.04616827339497998], [0.0592414522987546], [0.06742984561317328], [0.05923286738466838], [0.054558115424253296], [0.06421435668365641], [0.05730138433684908], [0.05358536312880028], [0.05813704390368542]], "vals": [[-9.906434761560945e-05], [0.007979336185892976], [-0.001620913676964122], [0.0005474854525618156], [-0.001965169285544093], [-0.007277453059909078], [-0.005177799467853248], [0.012936658606193347], [0.007966597315689867], [-0.0027025689659215856], [0.0030652963263660383], [0.004403975727981262], [0.0018881035806567325], [0.010512771871728716], [0.003817457762734975], [0.002684152235300843], [0.015822498055182734], [0.00497265205771619], [0.0017220959250365553], [-0.0017212914736703766], [-0.0013791105276428795], [0.011327350521770682], [0.001386956489449247], [0.0005742892907974806], [0.003515834547047163], [0.005868924800687622], [0.012078452655597972], [0.00024256033388304844], [0.0007777383551218264], [0.005821599697246427], [0.012652869570980982], [0.0027482677405038913], [-0.001762828196385442], [-0.0016263982900327533], [0.0048778846633123155], [0.004789932744529039], [0.006372380153404435], [0.008129301802408619], [-0.0012320194041376452], [0.011904623342156527], [0.012049181501418432], [0.008331282987692248], [0.0018844009166916465], [-0.006902973926935587], [-0.009079531339938782], [0.0016021016476059913], [0.001178192508067113], [0.007037184835185428], [-0.003635466026220371], [0.004771169830139499]], "cuts": [12.0, 12.0, 12.0, 12.0, 12.0, 11.222222222222221, 11.222222222222221, 11.222222222222221, 11.222222222222221, 11.222222222222221, 10.444444444444445, 10.444444444444445, 10.444444444444445, 10.444444444444445, 10.444444444444445, 9.666666666666666, 9.666666666666666, 9.666666666666666, 9.666666666666666, 9.666666666666666, 8.88888888888889, 8.88888888888889, 8.88888888888889, 8.88888888888889, 8.88888888888889, 8.11111111111111, 8.11111111111111, 8.11111111111111, 8.11111111111111, 8.11111111111111, 7.333333333333333, 7.333333333333333, 7.333333333333333, 7.333333333333333, 7.333333333333333, 6.555555555555555, 6.555555555555555, 6.555555555555555, 6.555555555555555, 6.555555555555555, 5.777777777777778, 5.777777777777778, 5.777777777777778, 5.777777777777778, 5.777777777777778, 5.0, 5.0, 5.0, 5.0, 5.0]}