{"errs": [[0.00417997701364119], [0.004913453754832599], [0.0047183715677534795], [0.004482940242399915], [0.0049016822584208], [0.004549866702665203], [0.004287024512819488], [0.004987772293588806], [0.004282450623399565], [0.004483294571453311], [0.0045298570603414185], [0.004812648038453716], [0.004654741784534048], [0.003888326643317382], [0.004480346745084259], [0.004371665760029848], [0.004200648278266413], [0.004369773985551645], [0.0047575038528158845], [0.00405159402579943], [0.004573052971248723], [0.004811553449571401], [0.004638727241548188], [0.004365582808434911], [0.004135627369780639], [0.04154948071917758], [0.03939481381352745], [0.042725153988802236], [0.045634606080130126], [0.04007574068423059], [0.040032264744419704], [0.04041234459986344], [0.034743333474518245], [0.046211135679502816], [0.03934516990908913], [0.03721361475418299], [0.03985414432392223], [0.042852481440882134], [0.037877508844056954], [0.045199291723807405], [0.041099346658750494], [0.040929886632777204], [0.039974680702290814], [0.04299054858478015], [0.040968666670493835], [0.04020743058319582], [0.0389492211763831], [0.04062932821540349], [0.036887911715301876], [0.039243189667761434]], "cuts": [5.0, 5.0, 5.0, 5.0, 5.0, 5.444444444444445, 5.444444444444445, 5.444444444444445, 5.444444444444445, 5.444444444444445, 5.888888888888889, 5.888888888888889, 5.888888888888889, 5.888888888888889, 5.888888888888889, 6.333333333333333, 6.333333333333333, 6.333333333333333, 6.333333333333333, 6.333333333333333, 6.777777777777778, 6.777777777777778, 6.777777777777778, 6.777777777777778, 6.777777777777778, 7.222222222222222, 7.222222222222222, 7.222222222222222, 7.222222222222222, 7.222222222222222, 7.666666666666666, 7.666666666666666, 7.666666666666666, 7.666666666666666, 7.666666666666666, 8.11111111111111, 8.11111111111111, 8.11111111111111, 8.11111111111111, 8.11111111111111, 8.555555555555555, 8.555555555555555, 8.555555555555555, 8.555555555555555, 8.555555555555555, 9.0, 9.0, 9.0, 9.0, 9.0], "vals": [[0.02993414954174085], [0.029665527073827393], [0.028979617775798657], [0.0304575179603642], [0.02890840420210374], [0.029527358496575003], [0.02925381371354945], [0.030484806421991237], [0.029094751669377958], [0.030287904883584956], [0.029612529166339316], [0.029776422089509966], [0.029813487441239985], [0.029856138096765718], [0.03012708089253714], [0.029885813076889887], [0.02991192559391024], [0.030149524249212547], [0.030411728288598], [0.0299413262739715], [0.029219995026598937], [0.029618037312271], [0.03009618708606034], [0.02968134617101164], [0.030017406576583524], [-0.009805380327641515], [-0.008806258599805048], [-0.01188364968933186], [-0.013974656797637977], [-0.012715882523349719], [-0.0075687097078413505], [-0.009670426431044987], [-0.012755842258060568], [-0.01727588534869973], [-0.012099885332872162], [-0.00896672828925567], [-0.014537466981732835], [-0.016035395255706603], [-0.007960842762027553], [-0.008594306576446869], [-0.014891853235011467], [-0.013251257536508305], [-0.011417772326542775], [-0.008741679477482478], [-0.009105984867801738], [-0.013404641890492784], [-0.011446460428568556], [-0.013112308372832828], [-0.007790503174191912], [-0.00960727977131917]]}