{"errs": [[0.034143604941538445], [0.03575976437953878], [0.0317780185397753], [0.03376215580611446], [0.03472791505505281], [0.034573918162141455], [0.03337450466318834], [0.03228560280668383], [0.03748436139265679], [0.026950063537470224], [0.03247685201842677], [0.026202994936648134], [0.03031173181000845], [0.03535103119097642], [0.03532490907792602], [0.033325249298499476], [0.028948137914512385], [0.031768989484275346], [0.031971999664006], [0.028478113507970672], [0.031489614482183105], [0.0374688979508089], [0.029795861827331318], [0.029687661637603554], [0.031219425573894802], [0.034161039128855736], [0.040421326956670556], [0.030213852630743283], [0.03368069359140701], [0.028959487741022534], [0.036125924345624], [0.03423927096419674], [0.03661800835734819], [0.02910200350423244], [0.03536135986663257], [0.03338708744644401], [0.0345988933774319], [0.03858955971602769], [0.035103435376911366], [0.038949205017399915], [0.03538764992796111], [0.04046038848339396], [0.03501186791626078], [0.04414559989116842], [0.03823398138664034], [0.002955139932742644], [0.002884905376886814], [0.003123624776733152], [0.002746762860940102], [0.0027593914537046133]], "cuts": [12.0, 12.0, 12.0, 12.0, 12.0, 10.777777777777779, 10.777777777777779, 10.777777777777779, 10.777777777777779, 10.777777777777779, 9.555555555555555, 9.555555555555555, 9.555555555555555, 9.555555555555555, 9.555555555555555, 8.333333333333332, 8.333333333333332, 8.333333333333332, 8.333333333333332, 8.333333333333332, 7.111111111111111, 7.111111111111111, 7.111111111111111, 7.111111111111111, 7.111111111111111, 5.888888888888888, 5.888888888888888, 5.888888888888888, 5.888888888888888, 5.888888888888888, 4.666666666666666, 4.666666666666666, 4.666666666666666, 4.666666666666666, 4.666666666666666, 3.444444444444443, 3.444444444444443, 3.444444444444443, 3.444444444444443, 3.444444444444443, 2.2222222222222214, 2.2222222222222214, 2.2222222222222214, 2.2222222222222214, 2.2222222222222214, 1.0, 1.0, 1.0, 1.0, 1.0], "vals": [[-0.09393109537236327], [-0.0993365596923816], [-0.09495944500407547], [-0.09733240908563999], [-0.10320511067547301], [-0.10115188636938754], [-0.10032458940959671], [-0.09446192277878084], [-0.09735546535534169], [-0.09144928265283311], [-0.09502930969317176], [-0.09737884176427712], [-0.09888775052623827], [-0.10309847645637404], [-0.09334310921193818], [-0.10028061410558849], [-0.09675082928713578], [-0.09650256104540134], [-0.09704683185143807], [-0.09494989882525828], [-0.09668801790773102], [-0.09849791001636547], [-0.09672473021322972], [-0.09632577382907044], [-0.09739493536614333], [-0.09981455308673148], [-0.10467322820516443], [-0.09854573011270588], [-0.10154638527792173], [-0.09520438854939485], [-0.09825616586402873], [-0.09976065285393944], [-0.10562994912545591], [-0.10391770645651903], [-0.09709679392765423], [-0.09808811856872922], [-0.09824942400511844], [-0.0976907862245423], [-0.09781018900870478], [-0.09751570935893966], [-0.10148897794517722], [-0.10913574443079625], [-0.09545062523911867], [-0.10321437058280608], [-0.10807144860280175], [-0.06497950374700152], [-0.0644366277313], [-0.06467168531255979], [-0.06486531708802828], [-0.06459724790777983]]}