{"errs": [[0.0961888745067059], [0.09130735566495332], [0.10076190643545675], [0.10842192045391236], [0.09286973852802947], [0.0027529025933972088], [0.0024777523887862664], [0.0026905863703450307], [0.0026522348101437505], [0.0025901276021669966], [0.0028233209148512714], [0.0028857678891724956], [0.003118810304612186], [0.002716411069976213], [0.0028158285431461624], [0.0029875505837877857], [0.002423821787173074], [0.002527543290441764], [0.0025754333934453534], [0.002625243972143901], [0.002671397763104425], [0.003022604314143099], [0.00272045652868128], [0.0024741466490129133], [0.0025252953577931604], [0.0027320255437371034], [0.0026748277744882572], [0.0028046840828740557], [0.002557663382468803], [0.0025440524224599496], [0.0025928317874123192], [0.002736896122817509], [0.0025847438117121624], [0.0028151807274300147], [0.0023511367777973155], [0.0029896817779846096], [0.002552576326843214], [0.002296014175509399], [0.0025906451186324623], [0.00264722245923694], [0.0026913731022764594], [0.003004027843967945], [0.002907184504100921], [0.0029571543490729125], [0.002569760706553793], [0.002582468463395019], [0.0022636726892107007], [0.002441812846683377], [0.002454958507895883], [0.002330179482698722]], "cuts": [25.0, 25.0, 25.0, 25.0, 25.0, 22.77777777777778, 22.77777777777778, 22.77777777777778, 22.77777777777778, 22.77777777777778, 20.555555555555557, 20.555555555555557, 20.555555555555557, 20.555555555555557, 20.555555555555557, 18.333333333333332, 18.333333333333332, 18.333333333333332, 18.333333333333332, 18.333333333333332, 16.11111111111111, 16.11111111111111, 16.11111111111111, 16.11111111111111, 16.11111111111111, 13.88888888888889, 13.88888888888889, 13.88888888888889, 13.88888888888889, 13.88888888888889, 11.666666666666666, 11.666666666666666, 11.666666666666666, 11.666666666666666, 11.666666666666666, 9.444444444444443, 9.444444444444443, 9.444444444444443, 9.444444444444443, 9.444444444444443, 7.222222222222221, 7.222222222222221, 7.222222222222221, 7.222222222222221, 7.222222222222221, 5.0, 5.0, 5.0, 5.0, 5.0], "vals": [[-0.1538447823329176], [-0.1617862271337311], [-0.14949446676752026], [-0.1692214224620315], [-0.1483985463888608], [-0.056839418738474166], [-0.05594947575397811], [-0.0558951570174041], [-0.055747731689416824], [-0.055925446514420614], [-0.05648846227934946], [-0.05606454089295575], [-0.056382893280400595], [-0.05638981698375353], [-0.05678168552293982], [-0.056471896207905346], [-0.056053741197492714], [-0.05555178377701992], [-0.05641998072714209], [-0.05543087199581088], [-0.056185824690271814], [-0.05575478747275426], [-0.05640158841811555], [-0.05589752747766354], [-0.05654438363969106], [-0.05600834730545706], [-0.056181786857708145], [-0.056174949025403154], [-0.056404857543956764], [-0.056053402983704786], [-0.055857491887983814], [-0.05592148012870275], [-0.05594423960836764], [-0.05581597472900022], [-0.05599521984582594], [-0.05605197754578889], [-0.05599256768486853], [-0.055845896251378875], [-0.05578665049815228], [-0.056102585586285156], [-0.055875241455916796], [-0.05587169178734278], [-0.05606091559618107], [-0.05583434147322315], [-0.056347145739916865], [-0.05569560106940564], [-0.05626023697073016], [-0.05603019461246887], [-0.055639923428135486], [-0.055979613137647204]]}