{"errs": [[0.0030704677024591858], [0.0027626037936337652], [0.002892442702589017], [0.0027809415756236172], [0.0026208263213694893], [0.002723284650087552], [0.002882552450095054], [0.002697011062174193], [0.00269698270692847], [0.00321928360968092], [0.0027070866207365737], [0.002356253913478875], [0.002871248214855061], [0.002792045142513199], [0.0026593741531135643], [0.0027721580335440528], [0.0029255812858427466], [0.0027574436627364], [0.002413960008967827], [0.0025941791433493366], [0.0030878668305405234], [0.0024965415453026443], [0.0027194880602485426], [0.002740914330356472], [0.0027096630288526422], [0.002373593593189828], [0.0024278229192488867], [0.002584781091192357], [0.0027229799732049766], [0.0029485793835012943], [0.124851174612519], [0.09926365168082321], [0.10172553290999972], [0.08852072311815175], [0.10987142139616174], [0.10702899845154536], [0.10291921117710798], [0.09657143532629411], [0.10352794465725726], [0.10134697643385338], [0.10712673013961739], [0.09353178329451416], [0.09517923117237226], [0.10381683844416438], [0.10106608529770317], [0.10061412273744808], [0.09219318450071552], [0.09916876743806263], [0.10476228288339796], [0.0974121313545273]], "vals": [[-0.056299985398987784], [-0.05590303694268862], [-0.05589868872065857], [-0.05608938360048768], [-0.055825522810379266], [-0.056309253845873285], [-0.055977876770403084], [-0.05611457113701185], [-0.05619351984267432], [-0.05589169305620075], [-0.055852880978596954], [-0.056000493870770496], [-0.056436330010991395], [-0.056068249713394566], [-0.056072633255423485], [-0.0562738378597593], [-0.05552902197675977], [-0.05597576880868104], [-0.056479979857053525], [-0.056303430617792215], [-0.055663558809925885], [-0.055893277934313444], [-0.05580729732971413], [-0.05630161258559859], [-0.0562228272717406], [-0.056348906933949505], [-0.05656698945120006], [-0.0561095814004873], [-0.056531638369169246], [-0.055957007898559466], [-0.17149915472398797], [-0.13585392965125664], [-0.1564455563967274], [-0.14386340639603545], [-0.16283532315461863], [-0.16144626065202872], [-0.14368702793733631], [-0.15514671291031604], [-0.15529838807789362], [-0.15960810767385808], [-0.16305922386785304], [-0.15493610940827288], [-0.15187770042281393], [-0.14294190502123563], [-0.1696715871390685], [-0.16502218259627008], [-0.13571307782720823], [-0.15006742745607518], [-0.17648732319104218], [-0.16250550045880416]], "cuts": [15.0, 15.0, 15.0, 15.0, 15.0, 16.666666666666668, 16.666666666666668, 16.666666666666668, 16.666666666666668, 16.666666666666668, 18.333333333333332, 18.333333333333332, 18.333333333333332, 18.333333333333332, 18.333333333333332, 20.0, 20.0, 20.0, 20.0, 20.0, 21.666666666666668, 21.666666666666668, 21.666666666666668, 21.666666666666668, 21.666666666666668, 23.333333333333336, 23.333333333333336, 23.333333333333336, 23.333333333333336, 23.333333333333336, 25.0, 25.0, 25.0, 25.0, 25.0, 26.666666666666668, 26.666666666666668, 26.666666666666668, 26.666666666666668, 26.666666666666668, 28.333333333333336, 28.333333333333336, 28.333333333333336, 28.333333333333336, 28.333333333333336, 30.0, 30.0, 30.0, 30.0, 30.0]}