{"E": [-212.87664409999999, -212.9522662, -213.0192596, -213.0808159, -213.13723630000001, -213.18986870000001, -213.2380153, -213.28176930000001, -213.32627969999999, -212.95500989999999, -213.01363480000001, -213.06950269999999, -213.1181004, -213.1699864, -213.2126107, -213.2547807, -213.29146850000001, -213.3262838, -213.03792050000001, -213.08220800000001, -213.12536399999999, -213.163409, -213.1977626, -213.23351529999999, -213.27030429999999, -213.30080820000001, -213.33157220000001, -212.8254355, -212.9069197, -212.9833769, -213.0509764, -213.11449830000001, -213.17397510000001, -213.2245637, -213.27412849999999, -213.3193191, -212.98661530000001, -213.0412786, -213.09622630000001, -213.15507220000001, -213.1960618, -213.23679609999999, -213.27365330000001, -213.3051802, -213.33528229999999, -212.97077730000001, -213.0247579, -213.07507609999999, -213.12486029999999, -213.17168910000001, -213.2132895, -213.2518561, -213.29155539999999, -213.32617099999999, -212.8669271, -212.9396285, -213.0060359, -213.06825599999999, -213.12857650000001, -213.1807106, -213.23168609999999, -213.27590459999999, -213.32090109999999, -212.92809080000001, -212.9935978, -213.05128970000001, -213.10752740000001, -213.155371, -213.20163070000001, -213.2463462, -213.28850969999999, -213.32437139999999, -212.98965100000001, -213.04172370000001, -213.09081159999999, -213.13736560000001, -213.1801265, -213.2205625, -213.25879399999999, -213.29393239999999, -213.3288403], "Err": [0.0012556588369999999, 0.0013824751819999999, 0.0013790692270000001, 0.0013111483720000001, 0.001223900264, 0.0012620963139999999, 0.00114287012, 0.0011579846070000001, 0.001025051847, 0.0023462263480000002, 0.002203095646, 0.0020083448460000001, 0.001744222142, 0.001659690794, 0.0016502241409999999, 0.0015994067570000001, 0.001242514848, 0.00110020374, 0.001704231613, 0.001614535391, 0.001544755196, 0.001533850769, 0.001453122876, 0.001307415896, 0.0012297746540000001, 0.0011771761590000001, 0.001063541555, 0.001640880687, 0.0016553071360000001, 0.001482978169, 0.0015578578279999999, 0.0013834669049999999, 0.0014195268719999999, 0.0012871587859999999, 0.001138415604, 0.0010157971210000001, 0.002623670393, 0.0019988206450000001, 0.0022596610960000001, 0.0017745888810000001, 0.0018173195110000001, 0.0018614644580000001, 0.001444381109, 0.0013660339989999999, 0.0011627242759999999, 0.0021716608549999998, 0.0017419896109999999, 0.0017069238779999999, 0.001571692925, 0.0016624723440000001, 0.001509707397, 0.001476911158, 0.0012289732380000001, 0.0010652715619999999, 0.001450908842, 0.001426127247, 0.0014583639740000001, 0.001334200992, 0.0012388226959999999, 0.001157928632, 0.0011945402909999999, 0.0010877090490000001, 0.0010376921400000001, 0.00142596972, 0.0013959589109999999, 0.001404513817, 0.00138323635, 0.001299415681, 0.001169339752, 0.0011461591489999999, 0.0011311464110000001, 0.0010681359479999999, 0.0014204252840000001, 0.00136055909, 0.0013318848879999999, 0.001275522135, 0.001268420195, 0.0012042869259999999, 0.0010966593160000001, 0.001057690645, 0.0010713174220000001], "G": [1, 2, 3, 4, 5, 6, 7, 8, 9, 1, 2, 3, 4, 5, 6, 7, 8, 9, 1, 2, 3, 4, 5, 6, 7, 8, 9, 1, 2, 3, 4, 5, 6, 7, 8, 9, 1, 2, 3, 4, 5, 6, 7, 8, 9, 1, 2, 3, 4, 5, 6, 7, 8, 9, 1, 2, 3, 4, 5, 6, 7, 8, 9, 1, 2, 3, 4, 5, 6, 7, 8, 9, 1, 2, 3, 4, 5, 6, 7, 8, 9], "S": [1, 1, 1, 1, 1, 1, 1, 1, 1, 2, 2, 2, 2, 2, 2, 2, 2, 2, 3, 3, 3, 3, 3, 3, 3, 3, 3, 4, 4, 4, 4, 4, 4, 4, 4, 4, 5, 5, 5, 5, 5, 5, 5, 5, 5, 6, 6, 6, 6, 6, 6, 6, 6, 6, 7, 7, 7, 7, 7, 7, 7, 7, 7, 8, 8, 8, 8, 8, 8, 8, 8, 8, 9, 9, 9, 9, 9, 9, 9, 9, 9], "sgn": [0, 0, 0, 0, 0, 0, 0, 0, 0, 0, 0, 0, 0, 0, 0, 0, 0, 0, 0, 0, 0, 0, 0, 0, 0, 0, 0, 0, 0, 0, 0, 0, 0, 0, 0, 0, 0, 0, 0, 0, 0, 0, 0, 0, 0, 0, 0, 0, 0, 0, 0, 0, 0, 0, 0, 0, 0, 0, 0, 0, 0, 0, 0, 0, 0, 0, 0, 0, 0, 0, 0, 0, 0, 0, 0, 0, 0, 0, 0, 0, 0], "nchoose": [10, 10, 10, 10, 10, 10, 10, 10, 10, 10, 10, 10, 10, 10, 10, 10, 10, 10, 10, 10, 10, 10, 10, 10, 10, 10, 10, 10, 10, 10, 10, 10, 10, 10, 10, 10, 10, 10, 10, 10, 10, 10, 10, 10, 10, 10, 10, 10, 10, 10, 10, 10, 10, 10, 10, 10, 10, 10, 10, 10, 10, 10, 10, 10, 10, 10, 10, 10, 10, 10, 10, 10, 10, 10, 10, 10, 10, 10, 10, 10, 10]}