{"E": [-212.86766510000001, -212.9494522, -213.01987149999999, -213.07862499999999, -213.13645790000001, -213.1880505, -213.23918309999999, -213.28351950000001, -213.3235257, -212.9128182, -212.97323979999999, -213.03300659999999, -213.0888104, -213.13968389999999, -213.18853300000001, -213.23387880000001, -213.2785567, -213.32007540000001, -212.9317604, -212.9949216, -213.0559136, -213.1092913, -213.15805259999999, -213.20421329999999, -213.248437, -213.288659, -213.32609410000001, -212.93389640000001, -212.9919184, -213.04569330000001, -213.09738440000001, -213.1458064, -213.1934598, -213.23803029999999, -213.27980160000001, -213.31960979999999, -213.00879639999999, -213.05965699999999, -213.10554529999999, -213.14944320000001, -213.1917521, -213.22912579999999, -213.2653229, -213.29754410000001, -213.3293559, -212.88545959999999, -212.95257290000001, -213.01583909999999, -213.0768717, -213.13144589999999, -213.18367169999999, -213.23047729999999, -213.27655050000001, -213.31994349999999, -212.91298420000001, -212.9890183, -213.05397260000001, -213.1032817, -213.1539387, -213.20235159999999, -213.2387933, -213.279597, -213.31607260000001, -212.94874609999999, -213.01047500000001, -213.06016349999999, -213.1155114, -213.1626861, -213.20499079999999, -213.2492092, -213.29006290000001, -213.32403500000001, -212.97839819999999, -213.03282010000001, -213.08125329999999, -213.12584939999999, -213.17168029999999, -213.21284170000001, -213.2528259, -213.2928, -213.32425799999999], "Err": [0.0013985597880000001, 0.001464061604, 0.0014842098909999999, 0.001393870002, 0.0013313503190000001, 0.0012189480989999999, 0.001161844703, 0.001083130551, 0.001085229614, 0.001313843133, 0.0013623678880000001, 0.001226499331, 0.0012735509509999999, 0.0012303523330000001, 0.001228673157, 0.001209871743, 0.0010607325190000001, 0.0010112086639999999, 0.0015039491680000001, 0.0014476957659999999, 0.0014707155370000001, 0.001353694673, 0.00126750722, 0.001270264686, 0.001162426984, 0.0011248734580000001, 0.0010414468099999999, 0.0019710054949999998, 0.001773137095, 0.0017926641359999999, 0.001637198783, 0.001465557471, 0.001392567409, 0.0012924274669999999, 0.001291707758, 0.0010752810139999999, 0.001620074822, 0.0016552099, 0.003377294413, 0.001523547505, 0.001525256826, 0.001325480367, 0.0012677787309999999, 0.0012213851300000001, 0.001076953663, 0.001647534429, 0.0014925042249999999, 0.001447980805, 0.001360366172, 0.001422472962, 0.0013069924209999999, 0.001156068904, 0.0011419275300000001, 0.0010830349190000001, 0.003345787606, 0.0032668254150000002, 0.0039245082180000002, 0.002780726612, 0.00281979597, 0.0029968480290000002, 0.001857705826, 0.0015427890660000001, 0.0010543581289999999, 0.0020330825690000002, 0.0021187789180000002, 0.001672255069, 0.001563330636, 0.0014853058719999999, 0.001422678418, 0.0013082969020000001, 0.0011783768090000001, 0.0011138167539999999, 0.001553526464, 0.001577307651, 0.0013857145060000001, 0.0013425582819999999, 0.001272514432, 0.0012270360529999999, 0.0011814068640000001, 0.0011451725739999999, 0.0010365101359999999], "G": [1, 2, 3, 4, 5, 6, 7, 8, 9, 1, 2, 3, 4, 5, 6, 7, 8, 9, 1, 2, 3, 4, 5, 6, 7, 8, 9, 1, 2, 3, 4, 5, 6, 7, 8, 9, 1, 2, 3, 4, 5, 6, 7, 8, 9, 1, 2, 3, 4, 5, 6, 7, 8, 9, 1, 2, 3, 4, 5, 6, 7, 8, 9, 1, 2, 3, 4, 5, 6, 7, 8, 9, 1, 2, 3, 4, 5, 6, 7, 8, 9], "S": [1, 1, 1, 1, 1, 1, 1, 1, 1, 2, 2, 2, 2, 2, 2, 2, 2, 2, 3, 3, 3, 3, 3, 3, 3, 3, 3, 4, 4, 4, 4, 4, 4, 4, 4, 4, 5, 5, 5, 5, 5, 5, 5, 5, 5, 6, 6, 6, 6, 6, 6, 6, 6, 6, 7, 7, 7, 7, 7, 7, 7, 7, 7, 8, 8, 8, 8, 8, 8, 8, 8, 8, 9, 9, 9, 9, 9, 9, 9, 9, 9], "sgn": [0, 0, 0, 0, 0, 0, 0, 0, 0, 0, 0, 0, 0, 0, 0, 0, 0, 0, 0, 0, 0, 0, 0, 0, 0, 0, 0, 0, 0, 0, 0, 0, 0, 0, 0, 0, 0, 0, 0, 0, 0, 0, 0, 0, 0, 0, 0, 0, 0, 0, 0, 0, 0, 0, 0, 0, 0, 0, 0, 0, 0, 0, 0, 0, 0, 0, 0, 0, 0, 0, 0, 0, 0, 0, 0, 0, 0, 0, 0, 0, 0], "nchoose": [10, 10, 10, 10, 10, 10, 10, 10, 10, 10, 10, 10, 10, 10, 10, 10, 10, 10, 10, 10, 10, 10, 10, 10, 10, 10, 10, 10, 10, 10, 10, 10, 10, 10, 10, 10, 10, 10, 10, 10, 10, 10, 10, 10, 10, 10, 10, 10, 10, 10, 10, 10, 10, 10, 10, 10, 10, 10, 10, 10, 10, 10, 10, 10, 10, 10, 10, 10, 10, 10, 10, 10, 10, 10, 10, 10, 10, 10, 10, 10, 10]}